,0,
0,architectural firms in thiruvananthapuram,
1,architectural firms in trivandrum,
2,architecture firms in thiruvananthapuram,
3,architecture firms in trivandrum,
4,best architect in trivandrum,
5,best builders in trivandrum,
6,best construction companies in kerala,
7,best construction company in kerala,
8,budget home builders in trivandrum,
9,builder construction contract,
10,builder in trivandrum,
11,builders and developers in trivandrum,
12,builders construction,
13,builders in thiruvananthapuram,
14,builders in trivandrum,
15,builders trivandrum,
16,building contractors in trivandrum,
17,construction companies in kerala,
18,construction companies in trivandrum,
19,construction companies kerala,
20,construction companies trivandrum,
21,construction company in kerala,
22,construction company in trivandrum,
23,construction company kerala,
24,construction company trivandrum,
25,contractor house builder,
26,contractors to build house,
27,eco friendly homes in kerala,
28,home builder contractors,
29,home builders contractors,
30,home builders in trivandrum,
31,home building consultants,
32,home building contractors,
33,home construction in kerala,
34,home renovations contractors,
35,homebuilding companies,
36,house at trivandrum,
37,house build contractor,
38,house builder contractor,
39,house builder contractors,
40,house builders contractors,
41,house builders in kerala,
42,house building contractors,
43,house building in kerala,
44,house construction companies in trivandrum,
45,house construction company,
46,house construction in kerala,
47,house construction kerala,
48,house plans in trivandrum,
49,interior works in trivandrum,
50,kerala construction companies,
51,kerala construction company,
52,kerala house builders,
53,low budget house builders in trivandrum,
54,renovation of old house in kerala,
55,renovation of old house kerala,
56,top construction companies in kerala,
57,top construction companies kerala,
58,top construction company in kerala,
59,trivandrum architecture firms,
60,trivandrum builder,
61,trivandrum builders,
62,trivandrum builders and developers,
63,vastu for buildings,
2016,,
